Titre souhait√©,Cat√©gorie,D√©tails,Image,Texte bas de page,Image de fond,Facebook,Instagram,site web,logo,Site Web / ou wifi,Partagez la localisation google maps,photo 2,photo 3,T√©l√©phone,photo 4,code promo,photo 5,photo 6
Accueil,Informations,"Votre location est toute √©quip√©e, vous √™tes responsable du mat√©riel mis √† votre disposition durant votre s√©jour. 

A votre d√©part, nous vous remercions de rendre l‚Äôh√©bergement dans l‚Äô√©tat o√π vous l‚Äôavez trouv√© √† votre arriv√©e : propre et poubelles vides... (Les clients ayant choisi l‚Äôoption m√©nage ne sont pas concern√©s)

Des al√®ses sont √† votre disposition durant votre s√©jour, merci de les jeter en partant et de laisser en place les protections √† fermeture.

Toute l‚Äô√©quipe se tient √† votre disposition si besoin. 

Nous vous souhaitons un bon s√©jour parmi nous !

L‚Äô√©quipe du Camping la Faloise.",https://storage.googleapis.com/glide-prod.appspot.com/uploads-v2/5OrytQhEIgYvnPFZG5fG/pub/JgT8YbhQPE8PoXYIdmHq.jpg,"www.caravaninglafaloise.com
campinglafaloise@gmail.com
06 95 59 20 64",https://storage.googleapis.com/glide-prod.appspot.com/uploads-v2/5OrytQhEIgYvnPFZG5fG/pub/Kf9ih9UKdUvyVGXFd4jz.jpg,https://www.facebook.com/campinglafaloise,https://www.instagram.com/campinglafaloise/,https://www.caravaninglafaloise.com/,https://storage.googleapis.com/glide-prod.appspot.com/uploads-v2/5OrytQhEIgYvnPFZG5fG/pub/HAfi5i2RFNzcaDqLXD3i.jpg,,,,,,,,,
D√©couvrir l'Oise,Activit√©s,"Bienvenue dans l‚ÄôOise, un coin de nature et d‚Äôhistoire √† deux pas de Paris. Ici, on respire l‚Äôair des grandes for√™ts, on fl√¢ne dans des villages de charme et on se laisse surprendre par la richesse du patrimoine.
Entre ch√¢teaux majestueux, abbayes cach√©es, jardins inspirants et chemins bord√©s d‚Äôarbres centenaires, chaque d√©tour r√©serve une nouvelle √©motion.

Prenez le temps d‚Äôexplorer, de savourer une pause en terrasse, de vous perdre dans les ruelles ou sur les sentiers‚Ä¶ L‚ÄôOise se d√©couvre au rythme de vos envies ‚Äî paisible, authentique, ressour√ßante.

Et pour partir √† l‚Äôaventure d‚Äôune mani√®re originale, laissez-vous tenter par Les Folles Aventures de Louison Pignon üó∫Ô∏è !
Cette application gratuite vous propose des parcours √† pied ou √† v√©lo √† travers tout le d√©partement : √©nigmes, d√©fis, g√©ocaching et d√©couvertes vous attendent √† chaque √©tape.
Partez sur les traces de Louison et d√©couvrez l‚ÄôOise autrement !

üëâ Application disponible gratuitement sur Google Play et App Store.",https://storage.googleapis.com/glide-prod.appspot.com/uploads-v2/5OrytQhEIgYvnPFZG5fG/pub/GT4p85oEvJR1navaY2e5.png,"www.caravaninglafaloise.com
campinglafaloise@gmail.com
06 95 59 20 64",https://storage.googleapis.com/glide-prod.appspot.com/uploads-v2/5OrytQhEIgYvnPFZG5fG/pub/Kf9ih9UKdUvyVGXFd4jz.jpg,https://www.facebook.com/campinglafaloise,https://www.instagram.com/campinglafaloise/,https://www.caravaninglafaloise.com/,https://storage.googleapis.com/glide-prod.appspot.com/uploads-v2/5OrytQhEIgYvnPFZG5fG/pub/HAfi5i2RFNzcaDqLXD3i.jpg,www.louison-pignon.com,,,,,,,,
Balade en for√™t ,Activit√©s,"Autour du camping plusieurs itin√©raires de balade s'offrent √† vous !
 
D√©couvrez de nombreux itin√©raires de balade autour du camping gr√¢ce √† l‚Äôapplication Oise Rando !
Pratique et intuitive, elle d√©tecte votre position et vous propose plus de 350 parcours √† pied ou √† v√©lo, adapt√©s √† tous les niveaux. Pr√©parez facilement vos sorties avec des infos utiles : parkings, aires de pique-nique, acc√®s gare, ou parcours adapt√©s aux poussettes.
üö∂‚Äç‚ôÇÔ∏è Points d‚Äôint√©r√™t touristiques mis en avant.
‚ö†Ô∏è Fonctionne m√™me hors r√©seau (pensez √† ajouter le parcours en favoris).
üì± Gratuite et disponible sur Android et iOS !

Conseil : Lors d'une promenade en for√™t d'Halatte vous pourrez apercevoir les vestiges d'un temple gallo-romain au d√©tour d'un chemin forestier  ! (Lien en dessous)",https://storage.googleapis.com/glide-prod.appspot.com/uploads-v2/5OrytQhEIgYvnPFZG5fG/pub/zhf1DUtjOPk2XbZiWx6G.jpeg,"www.caravaninglafaloise.com
campinglafaloise@gmail.com
06 95 59 20 64",https://storage.googleapis.com/glide-prod.appspot.com/uploads-v2/5OrytQhEIgYvnPFZG5fG/pub/Kf9ih9UKdUvyVGXFd4jz.jpg,https://www.facebook.com/campinglafaloise,https://www.instagram.com/campinglafaloise/,https://www.caravaninglafaloise.com/,https://storage.googleapis.com/glide-prod.appspot.com/uploads-v2/5OrytQhEIgYvnPFZG5fG/pub/HAfi5i2RFNzcaDqLXD3i.jpg,,"https://www.google.com/maps/place/Temple+gallo-romain+de+la+for%C3%AAt+d'Halatte/@49.2420937,2.6227166,17z/data=!3m1!4b1!4m6!3m5!1s0x47e63177a97198e5:0x93f1f0a1ea2f00de!8m2!3d49.2420902!4d2.6252915!16s%2Fg%2F1211qbwz?authuser=0&entry=ttu",https://storage.googleapis.com/glide-prod.appspot.com/uploads-v2/5OrytQhEIgYvnPFZG5fG/pub/XSdBd7yQjhcjitAWl57k.jpg,https://storage.googleapis.com/glide-prod.appspot.com/uploads-v2/5OrytQhEIgYvnPFZG5fG/pub/BCZLWq1qDSPxE0aqnVph.jpg,,,,,
Un des plus beaux villages de France : Gerberoy - 63 km,Activit√©s,"Gerberoy, v√©ritable joyau fleuri, semble fig√© dans le temps. Class√© parmi les Plus Beaux Villages de France, il se distingue par sa petite taille avec moins de 100 habitants. Jadis marqu√© par une histoire tumultueuse, ce village rena√Æt gr√¢ce au peintre Henri Le Sidaner, qui s'y installe en 1901, sur les conseils de Rodin. Tomb√© amoureux du charme tranquille de Gerberoy, loin du tumulte parisien, Le Sidaner inspire les habitants √† planter des rosiers devant leurs maisons, transformant le village en la c√©l√®bre ""ville aux mille rosiers"".",https://storage.googleapis.com/glide-prod.appspot.com/uploads-v2/5OrytQhEIgYvnPFZG5fG/pub/2G8EmWNsXslzmMVoLkV8.jpg,"www.caravaninglafaloise.com
campinglafaloise@gmail.com
06 95 59 20 64",https://storage.googleapis.com/glide-prod.appspot.com/uploads-v2/5OrytQhEIgYvnPFZG5fG/pub/Kf9ih9UKdUvyVGXFd4jz.jpg,https://www.facebook.com/campinglafaloise,https://www.instagram.com/campinglafaloise/,https://www.caravaninglafaloise.com/,https://storage.googleapis.com/glide-prod.appspot.com/uploads-v2/5OrytQhEIgYvnPFZG5fG/pub/HAfi5i2RFNzcaDqLXD3i.jpg,https://www.gerberoy.net/,"https://www.google.com/maps/place/60380+Gerberoy/@49.5389999,1.8328293,15z/data=!3m1!4b1!4m6!3m5!1s0x47e717118629872b:0x40af13e81643f30!8m2!3d49.534236!4d1.850054!16s%2Fm%2F03qg7sm?authuser=0&entry=ttu",,,,,,,
Village de Saint-Jean-Au-Bois et son abbaye - 37 km,Activit√©s,"Nich√© au c≈ìur de la magnifique for√™t de Compi√®gne, ce petit village offre un cadre naturel verdoyant et paisible. Il est r√©put√© pour son charme historique et rustique, avec des maisons en pierre bien conserv√©es, des rues √©troites pav√©es, et une atmosph√®re rurale tranquille.

L'un des principaux monuments de Saint-Jean-aux-Bois est son abbaye du XIIe si√®cle, fond√©e √† l'origine par la reine Ad√©la√Øde de Savoie, √©pouse de Louis VI. L'√©glise abbatiale Saint-Jean-Baptiste, un bel exemple d'architecture romane, constitue le c≈ìur du village. ",https://storage.googleapis.com/glide-prod.appspot.com/uploads-v2/5OrytQhEIgYvnPFZG5fG/pub/8Ml8Zb7EEMo4BhFEGryF.jpg,"www.caravaninglafaloise.com
campinglafaloise@gmail.com
06 95 59 20 64",https://storage.googleapis.com/glide-prod.appspot.com/uploads-v2/5OrytQhEIgYvnPFZG5fG/pub/Kf9ih9UKdUvyVGXFd4jz.jpg,https://www.facebook.com/campinglafaloise,https://www.instagram.com/campinglafaloise/,https://www.caravaninglafaloise.com/,https://storage.googleapis.com/glide-prod.appspot.com/uploads-v2/5OrytQhEIgYvnPFZG5fG/pub/HAfi5i2RFNzcaDqLXD3i.jpg,,"https://www.google.com/maps/place/Porche+de+la+ferme/@49.3471296,2.9051532,17z/data=!4m15!1m8!3m7!1s0x47e87fc906f3167d:0xf2b980e161b05faa!2sSaint-Jean-aux-Bois!3b1!8m2!3d49.347129!4d2.90528!16s%2Fm%2F03qh488!3m5!1s0x47e87f6766cc767d:0x2ef446338705a98f!8m2!3d49.3471271!4d2.904509!16s%2Fg%2F11fcvbdvkx?authuser=0&entry=ttu",,,,,,,
Mus√©e Henri Theillou - Evolution de la psychiatrie et des traitements des malades mentaux - 11 km,Activit√©s,"Ouvert en 2003, le mus√©e offre une mise en relief des diff√©rentes repr√©sentations de la folie depuis la R√©volution. L'√©volution de la psychiatrie et des traitements pour malades mentaux au XX√®me si√®cle est pr√©sent√©e √† travers Images, photos, films, objets de vie ou de soin du quotidien... et t√©moignages d'anciens membres du personnel soignant. 
Visite uniquement sur rendez-vous le mardi apr√®s-midi.
Visite gratuite (participation libre).",https://storage.googleapis.com/glide-prod.appspot.com/uploads-v2/5OrytQhEIgYvnPFZG5fG/pub/VqK41fPtVA7cn4SHOsQ4.jpg,"www.caravaninglafaloise.com
campinglafaloise@gmail.com
06 95 59 20 64",https://storage.googleapis.com/glide-prod.appspot.com/uploads-v2/5OrytQhEIgYvnPFZG5fG/pub/Kf9ih9UKdUvyVGXFd4jz.jpg,https://www.facebook.com/campinglafaloise,https://www.instagram.com/campinglafaloise/,https://www.caravaninglafaloise.com/,https://storage.googleapis.com/glide-prod.appspot.com/uploads-v2/5OrytQhEIgYvnPFZG5fG/pub/HAfi5i2RFNzcaDqLXD3i.jpg,https://www.musee-theillou.fr/,,,,06 07 22 02 05,,,,
Aux Jardins de Sacy - Sacy le Grand - 8 km,Magasins,"Aux Jardins de Sacy est une ferme familiale de 85 hectares. 
Depuis les ann√©es 1970, l'exploitation propose une agriculture raisonn√©e, privil√©giant la qualit√© des produits et le respect de l'environnement.‚Äã

Vous y trouverez une large gamme de fruits et l√©gumes de saison : fraises, tomates, courgettes, haricots verts, pommes de terre, salades, carottes, betteraves, aubergines, endives, melons, et bien d'autres. La ferme propose √©galement des produits de coll√®gues producteurs locaux, tels que miels et champignons.‚Äã

Les produits sont disponibles en vente directe √† la ferme. ",https://storage.googleapis.com/glide-prod.appspot.com/uploads-v2/5OrytQhEIgYvnPFZG5fG/pub/BJ3DAU2lBPMEuFZHSoB4.jpg,"www.caravaninglafaloise.com
campinglafaloise@gmail.com
06 95 59 20 64",https://storage.googleapis.com/glide-prod.appspot.com/uploads-v2/5OrytQhEIgYvnPFZG5fG/pub/Kf9ih9UKdUvyVGXFd4jz.jpg,https://www.facebook.com/campinglafaloise,https://www.instagram.com/campinglafaloise/,https://www.caravaninglafaloise.com/,https://storage.googleapis.com/glide-prod.appspot.com/uploads-v2/5OrytQhEIgYvnPFZG5fG/pub/HAfi5i2RFNzcaDqLXD3i.jpg,https://www.auxjardinsdesacy.fr/,"https://www.google.fr/maps/place/EARL+Aux+Jardins+de+Sacy/@49.3518306,2.5457213,17z/data=!3m1!4b1!4m6!3m5!1s0x47e7cb273b98adfb:0xfd0e7f97a768d63d!8m2!3d49.3518271!4d2.5482962!16s%2Fg%2F12hkbx7wk?hl=fr&entry=ttu&g_ep=EgoyMDI1MDQyMy4wIKXMDSoJLDEwMjExNjM5SAFQAw%3D%3D",https://storage.googleapis.com/glide-prod.appspot.com/uploads-v2/5OrytQhEIgYvnPFZG5fG/pub/vYD4TmZnhZGF1Vci12vW.jpg,https://storage.googleapis.com/glide-prod.appspot.com/uploads-v2/5OrytQhEIgYvnPFZG5fG/pub/PELfzEQFgC2XGP1TOhhP.jpg,03 44 29 94 62,https://storage.googleapis.com/glide-prod.appspot.com/uploads-v2/5OrytQhEIgYvnPFZG5fG/pub/ANFQ28G3La1ziS3klZQH.jpg,,,
Plan,Informations,,https://storage.googleapis.com/glide-prod.appspot.com/uploads-v2/5OrytQhEIgYvnPFZG5fG/pub/c6M6wwYEx8KINin3hGYg.jpg,"www.caravaninglafaloise.com
campinglafaloise@gmail.com
06 95 59 20 64",https://storage.googleapis.com/glide-prod.appspot.com/uploads-v2/5OrytQhEIgYvnPFZG5fG/pub/Kf9ih9UKdUvyVGXFd4jz.jpg,https://www.facebook.com/campinglafaloise,https://www.instagram.com/campinglafaloise/,https://www.caravaninglafaloise.com/,https://storage.googleapis.com/glide-prod.appspot.com/uploads-v2/5OrytQhEIgYvnPFZG5fG/pub/HAfi5i2RFNzcaDqLXD3i.jpg,,,,,,,,,
Atelier de la Chantilly - Chantilly - 21 km,Magasins,"‚ÄãL'Atelier de la Chantilly est une boutique-salon de th√© situ√©e au c≈ìur de Chantilly. D√©vou√© √† l'art de la cr√®me chantilly, il propose une exp√©rience gourmande et ludique autour de cette sp√©cialit√© embl√©matique.‚Äã

Chaque jour, l'Atelier pr√©pare une cr√®me chantilly artisanale, d√©clin√©e en plusieurs parfums selon les jours : vanille, caf√©, cr√®me de marrons, fleur d‚Äôoranger, pistache, framboise ou chocolat. Les visiteurs peuvent la d√©guster sur place ou l'emporter, accompagn√©e de p√¢tisseries telles que Pavlova, Mont-Blanc ou gros choux.‚Äã

L'Atelier propose √©galement des ateliers interactifs pour apprendre √† monter la cr√®me chantilly √† la main, tout en d√©couvrant son histoire. Des sessions sp√©ciales, comme la ""Battle de fouets"" pour enfants, ajoutent une touche ludique √† l'apprentissage. Ces ateliers sont disponibles en fran√ßais et en anglais, sur r√©servation.‚Äã

Pour les amateurs de sal√©, l'Atelier offre des planches ap√©ritives et des gaufres sal√©es accompagn√©es de chantilly, disponibles du vendredi au dimanche.‚Äã",https://storage.googleapis.com/glide-prod.appspot.com/uploads-v2/5OrytQhEIgYvnPFZG5fG/pub/DfmpDa6JiDYYmFMhfUw5.webp,"www.caravaninglafaloise.com
campinglafaloise@gmail.com
06 95 59 20 64",https://storage.googleapis.com/glide-prod.appspot.com/uploads-v2/5OrytQhEIgYvnPFZG5fG/pub/Kf9ih9UKdUvyVGXFd4jz.jpg,https://www.facebook.com/campinglafaloise,https://www.instagram.com/campinglafaloise/,https://www.caravaninglafaloise.com/,https://storage.googleapis.com/glide-prod.appspot.com/uploads-v2/5OrytQhEIgYvnPFZG5fG/pub/HAfi5i2RFNzcaDqLXD3i.jpg,https://atelier.delachantilly.fr/,"https://www.google.fr/maps/place/l'Atelier+de+la+Chantilly/@49.1945652,2.4733412,17z/data=!3m1!4b1!4m6!3m5!1s0x47e64917bba60609:0x5ef36bc5ea226dbe!8m2!3d49.1945617!4d2.4759161!16s%2Fg%2F11kl0tm4xj?hl=fr&entry=ttu&g_ep=EgoyMDI1MDQyMy4wIKXMDSoJLDEwMjExNjM5SAFQAw%3D%3D",https://storage.googleapis.com/glide-prod.appspot.com/uploads-v2/5OrytQhEIgYvnPFZG5fG/pub/lDAtDgMflfXn4lSSsbAk.webp,https://storage.googleapis.com/glide-prod.appspot.com/uploads-v2/5OrytQhEIgYvnPFZG5fG/pub/UjXUdu418UMyc81rZmME.jpg,03 44 54 65 24,https://storage.googleapis.com/glide-prod.appspot.com/uploads-v2/5OrytQhEIgYvnPFZG5fG/pub/laAKfh8J1e43wNNEueBT.webp,Petit pot de cr√®me chantilly offert pour toute consommation sur place ou √† emporter de 15‚Ç¨ minimum (sur pr√©sentation de votre r√©servation au camping),https://storage.googleapis.com/glide-prod.appspot.com/uploads-v2/5OrytQhEIgYvnPFZG5fG/pub/Xt7BGGfe9PN9K51QBMTS.jpg,https://storage.googleapis.com/glide-prod.appspot.com/uploads-v2/5OrytQhEIgYvnPFZG5fG/pub/ReMQYnodpx4kYSxjJbG6.webp
L'Art d'Oise - Pont Sainte Maxence - 11 km,Restaurants,"‚ÄãLe restaurant L'Art d'Oise est une adresse incontournable pour les amateurs de cuisine fran√ßaise traditionnelle et raffin√©e. 
Ouvert en juillet 2023 par le chef Cyril Mar√©chal, cet √©tablissement met √† l'honneur des produits frais, locaux et de saison, dans une ambiance chaleureuse et conviviale.‚Äã

L'Art d'Oise se distingue par son concept de menu √† l'ardoise, renouvel√© tous les deux √† trois jours en fonction des arrivages et des saisons. Les plats sont √©labor√©s avec soin, mettant en valeur les saveurs locales et les techniques culinaires traditionnelles. ‚Äã

üï∞Ô∏è Horaires et informations pratiques
Horaires d'ouverture :
Mardi √† jeudi : 12h00 ‚Äì 14h00
Vendredi et samedi : 12h00 ‚Äì 14h00 et 19h00 ‚Äì 21h30
Ferm√© le dimanche et le lundi

Tarifs :
Plat : 20 ‚Ç¨
Entr√©e & plat ou plat & dessert : 25 ‚Ç¨
Entr√©e, plat & dessert : 30,50 ‚Ç¨
Les tarifs peuvent varier jusqu'√† 5 ‚Ç¨ le vendredi et samedi pour un menu complet.",https://storage.googleapis.com/glide-prod.appspot.com/uploads-v2/5OrytQhEIgYvnPFZG5fG/pub/NPsZgEt6syu2kGLxGht9.png,"www.caravaninglafaloise.com
campinglafaloise@gmail.com
06 95 59 20 64",https://storage.googleapis.com/glide-prod.appspot.com/uploads-v2/5OrytQhEIgYvnPFZG5fG/pub/Kf9ih9UKdUvyVGXFd4jz.jpg,https://www.facebook.com/campinglafaloise,https://www.instagram.com/campinglafaloise/,https://www.caravaninglafaloise.com/,https://storage.googleapis.com/glide-prod.appspot.com/uploads-v2/5OrytQhEIgYvnPFZG5fG/pub/HAfi5i2RFNzcaDqLXD3i.jpg,https://lart-doise.fr/#menu,"https://www.google.fr/maps/place/L'art+d'Oise/@49.3008168,2.6029657,17z/data=!3m1!4b1!4m6!3m5!1s0x47e63373f0dc0f67:0xc2eac2104b7af816!8m2!3d49.3008133!4d2.6055406!16s%2Fg%2F1w0p4y7v?hl=fr&entry=ttu&g_ep=EgoyMDI1MDQyNy4xIKXMDSoASAFQAw%3D%3D",https://storage.googleapis.com/glide-prod.appspot.com/uploads-v2/5OrytQhEIgYvnPFZG5fG/pub/mPifwGxlKSkurgdE1jaL.png,https://storage.googleapis.com/glide-prod.appspot.com/uploads-v2/5OrytQhEIgYvnPFZG5fG/pub/9JMVcS1YgxgYIavhElZY.png,09 88 32 37 47,https://storage.googleapis.com/glide-prod.appspot.com/uploads-v2/5OrytQhEIgYvnPFZG5fG/pub/3zt4y9jxcerKdsdgsalM.jpg,Kir offert sur pr√©sentation de votre r√©servation au camping,,
Jeux de soci√©t√©,Informations,"Rendez-vous √† l‚Äôaccueil pour d√©couvrir nos jeux de soci√©t√© !

Une pi√®ce d‚Äôidentit√© vous sera demand√© en √©change du pr√™t du jeu de votre choix.",https://storage.googleapis.com/glide-prod.appspot.com/uploads-v2/5OrytQhEIgYvnPFZG5fG/pub/CQjrnLimDb7JZ4yq4FuW.jpg,"www.caravaninglafaloise.com
campinglafaloise@gmail.com
06 95 59 20 64",https://storage.googleapis.com/glide-prod.appspot.com/uploads-v2/5OrytQhEIgYvnPFZG5fG/pub/Kf9ih9UKdUvyVGXFd4jz.jpg,https://www.facebook.com/campinglafaloise,https://www.instagram.com/campinglafaloise/,https://www.caravaninglafaloise.com/,https://storage.googleapis.com/glide-prod.appspot.com/uploads-v2/5OrytQhEIgYvnPFZG5fG/pub/HAfi5i2RFNzcaDqLXD3i.jpg,,,,,,,,,
Boulangerie,Informations,"Baguette : 1.50 ‚Ç¨
Tradition : 1.70 ‚Ç¨
Croissant : 2.00 ‚Ç¨
Pain au chocolat : 2.00 ‚Ç¨

Passez votre commande √† l‚Äôaccueil la veille avant 19h00.

En semaine : service √† partir de 09h00
Week-end : consulter la direction",https://storage.googleapis.com/glide-prod.appspot.com/uploads-v2/5OrytQhEIgYvnPFZG5fG/pub/S1MXPk7AV3lGY9ZSgU85.jpg,"www.caravaninglafaloise.com
campinglafaloise@gmail.com
06 95 59 20 64",https://storage.googleapis.com/glide-prod.appspot.com/uploads-v2/5OrytQhEIgYvnPFZG5fG/pub/Kf9ih9UKdUvyVGXFd4jz.jpg,https://www.facebook.com/campinglafaloise,https://www.instagram.com/campinglafaloise/,https://www.caravaninglafaloise.com/,https://storage.googleapis.com/glide-prod.appspot.com/uploads-v2/5OrytQhEIgYvnPFZG5fG/pub/HAfi5i2RFNzcaDqLXD3i.jpg,,,,,,,,,
Laverie,Informations,"Nous mettons √† la disposition de nos clients, une laverie. Les machines √† laver et les s√®ches linge fonctionnent avec des jetons. Les jetons sont disponibles √† l‚Äôaccueil.

Machine √† laver : 4.50 ‚Ç¨
S√®che linge : 3.50 ‚Ç¨
Dose de lessive : 0.80 ‚Ç¨",https://storage.googleapis.com/glide-prod.appspot.com/uploads-v2/5OrytQhEIgYvnPFZG5fG/pub/TJpS6wVWCboEOT12wTFx.jpg,"www.caravaninglafaloise.com
campinglafaloise@gmail.com
06 95 59 20 64",https://storage.googleapis.com/glide-prod.appspot.com/uploads-v2/5OrytQhEIgYvnPFZG5fG/pub/Kf9ih9UKdUvyVGXFd4jz.jpg,https://www.facebook.com/campinglafaloise,https://www.instagram.com/campinglafaloise/,https://www.caravaninglafaloise.com/,https://storage.googleapis.com/glide-prod.appspot.com/uploads-v2/5OrytQhEIgYvnPFZG5fG/pub/HAfi5i2RFNzcaDqLXD3i.jpg,,,,,,,,,
Village troglodytique : Gouvieux - 22 km,Activit√©s,"D√©couvrez le charme unique de la rue troglodytique de Gouvieux lors d'une courte balade ! Certaines de ces maisons troglodytes sont encore habit√©es par des Godviciens, tandis qu'une abrite le si√®ge social de l'association des Vignerons. D'autres sont investies par des artisans d'art.
Au fil de votre promenade, vous aurez peut-√™tre la chance de rencontrer l'un de ces artisans passionn√©s et de d√©couvrir leur savoir-faire exceptionnel !",https://storage.googleapis.com/glide-prod.appspot.com/uploads-v2/5OrytQhEIgYvnPFZG5fG/pub/mKOeyfDSSa5Cg8CZVPim.jpeg,,,,,,,,"https://www.google.com/maps/place/Imp.+des+Carri%C3%A8res,+60270+Gouvieux/@49.2006315,2.4210827,19z/data=!4m6!3m5!1s0x47e648ea559e6813:0xe1662a4901f7f169!8m2!3d49.200762!4d2.4213114!16s%2Fg%2F1td4tl56?authuser=0&entry=ttu",,,,,,,
Eglise de Saint-Leu-D'Esserent - 19 km,Activit√©s,"Depuis plus de 900 ans, l'√©glise Saint-Nicolas, domine la vall√©e de l'Oise depuis un promontoire rocheux. Chef-d'≈ìuvre de l'art de transition entre le Roman et le Gothique, cette √©glise prieurale d√©pendait autrefois du monast√®re clunisien de Saint-Leu, aujourd'hui une propri√©t√© priv√©e accessible lors des Journ√©es du Patrimoine.

Quand la visiter ? L'Abbatiale est ouverte au public les dimanches apr√®s-midi, de mai √† septembre, pour des visites libres avec panneaux explicatifs. Le reste de l'ann√©e, un sas vitr√© permet de contempler l'int√©rieur. Pour une d√©couverte approfondie, suivez une visite guid√©e de l'Office de Tourisme Creil Sud Oise et explorez les secrets de l'architecture et de la vie monastique. Consultez leur agenda en ligne pour plus d'informations.

Compl√©tez votre visite en explorant le quartier m√©di√©val environnant, avec sa porte historique et la Cave Banvin, o√π les moines entreposaient autrefois leur vin.",https://storage.googleapis.com/glide-prod.appspot.com/uploads-v2/5OrytQhEIgYvnPFZG5fG/pub/kga3tRkBGkgmZYf7b73E.jpg,,,,,,,,"https://www.google.com/maps/place/%C3%89glise+prieurale+de+Saint-Leu-d'Esserent/@49.2180513,2.4191497,17z/data=!3m1!4b1!4m6!3m5!1s0x47e648e02176f041:0xfffbb379c6024008!8m2!3d49.2180478!4d2.4217246!16s%2Fg%2F1218cz0z?authuser=0&entry=ttu",,,,,,,
Cath√©drale et Maladrerie de Beauvais - 41 km,Activit√©s,"La cath√©drale Saint-Pierre de Beauvais impressionne par ses dimensions : son ch≈ìur gothique du 13√®me si√®cle, culminant √† 48 m√®tres, est le plus haut et le plus √©lanc√© de l'histoire. Viollet-le-Duc l'a m√™me qualifi√©e de ""Parth√©non de l'architecture fran√ßaise"". Si elle avait √©t√© achev√©e, elle serait le plus grand √©difice gothique du monde, mais la construction, qui dura 350 ans, ne fut jamais compl√©t√©e, laissant la nef inachev√©e.

√Ä Beauvais, deux cath√©drales coexistent ainsi : la majestueuse Saint-Pierre et la ""Basse ≈íuvre"", t√©moignage de l'architecture de l'an 1000. Une visite audio-guid√©e en cinq langues est disponible pour explorer ces tr√©sors.

Parmi les joyaux de Saint-Pierre, on trouve deux horloges astronomiques : la plus ancienne horloge √† carillon encore en fonctionnement et la plus complexe horloge m√©canique jamais r√©alis√©e, avec 68 automates interpr√©tant la sc√®ne du ""Jugement dernier"". Une pr√©sentation audiovisuelle multilingue vous permet de les d√©couvrir en d√©tail.

La Maladrerie Saint-Lazare, rare exemple d'architecture hospitali√®re des 12·µâ et 13·µâ si√®cles, ouvre ses portes au public. Ce joyau patrimonial a conserv√© ses trois parties distinctes : au nord, la ferme ; au centre, le logis des religieux et la chapelle romane ; et au sud, l'enclos des malades. D√®s le printemps, les visiteurs peuvent se promener dans un jardin d'inspiration m√©di√©vale.",https://storage.googleapis.com/glide-prod.appspot.com/uploads-v2/5OrytQhEIgYvnPFZG5fG/pub/DVEPxYEyPBYqa5pdq4vs.jpeg,,,,,,,https://cathedrale-beauvais.fr/,"https://www.google.com/maps/place/La+Cath%C3%A9drale+Saint-Pierre/@49.4325763,2.0788552,16z/data=!3m1!4b1!4m6!3m5!1s0x47e706cdccb825ab:0x5ce9b9b5886ca4e5!8m2!3d49.4325728!4d2.0814301!16zL20vMDVxXzU1?authuser=0&entry=ttu",https://storage.googleapis.com/glide-prod.appspot.com/uploads-v2/5OrytQhEIgYvnPFZG5fG/pub/2ZMNnyqp7JehoGEBW4JN.jfif,,,,,,
Cath√©drale Notre Dame de Noyon - 57 km,Activit√©s,"La cath√©drale de Noyon, t√©moin de la transition entre l'Art Roman et l'Art Gothique, est la plus ancienne cath√©drale gothique du Nord de la France (1140). Elle incarne parfaitement le gothique primitif, avec un chevet encore roman et un transept audacieux, transform√© en un mur de lumi√®re qui lui conf√®re une silhouette unique. Rodin la consid√©rait comme la plus harmonieuse de toutes les cath√©drales.

L'histoire de la cath√©drale est marqu√©e par une succession de catastrophes. Avant l'√©difice actuel, trois autres ont √©t√© d√©truits : le premier par un incendie au VIe si√®cle, le second par un raid viking vers 800, et le troisi√®me, o√π Hugues Capet fut couronn√©, par les flammes en 1131. En 1293, un nouvel incendie ravagea la tour nord, le porche et une partie de la nef. La R√©volution et la Premi√®re Guerre mondiale n'√©pargn√®rent pas non plus la cath√©drale. Aujourd'hui enti√®rement restaur√©e, elle se dresse dans l'un des quartiers √©piscopaux les mieux conserv√©s du Nord de la France.",https://storage.googleapis.com/glide-prod.appspot.com/uploads-v2/5OrytQhEIgYvnPFZG5fG/pub/HDj2wUMEZxib7nYEvo6p.jfif,,,,,,,https://noyon.paroisse.net/images,"https://www.google.com/maps/place/Cath%C3%A9drale+Notre-Dame+de+Noyon/@49.5820096,3.0003864,18z/data=!4m6!3m5!1s0x47e873e8cb8d80f9:0x17de26892d93626c!8m2!3d49.5820393!4d3.0007602!16zL20vMGRieGwz?authuser=0&entry=ttu",,,,,,,
Th√©√¢tre Gallo-Romain de Vendeuil-Caply - 43 km,Activit√©s,Th√©√¢tre d√©gag√© √† proximit√© d'une agglom√©ration antique enfouie. Entr√©e et visite libre. Mus√©e arch√©ologique de l'Oise √† proximit√© (accessible √† pied) avec exposition permanente sur l'agglom√©ration antoique et expositions temporaires. ,https://storage.googleapis.com/glide-prod.appspot.com/uploads-v2/5OrytQhEIgYvnPFZG5fG/pub/g1BBiIJzb28QqM7HU7BE.jpg,,,,,,,https://www.oise.fr/actions/culture-et-patrimoine/les-sites-antiques-departementaux/theatre-de-vendeuil-caply,"https://www.google.com/maps/place/Th%C3%A9%C3%A2tre+gallo-romain+de+Vendeuil-Caply/@49.6081703,2.3006941,17z/data=!4m15!1m8!3m7!1s0x47e7a34a788b7331:0x7960f4b99e046089!2sTh%C3%A9%C3%A2tre+gallo-romain+de+Vendeuil-Caply!8m2!3d49.6081703!4d2.3006941!10e5!16s%2Fg%2F11fswq63xp!3m5!1s0x47e7a34a788b7331:0x7960f4b99e046089!8m2!3d49.6081703!4d2.3006941!16s%2Fg%2F11fswq63xp?authuser=0&entry=ttu",,,,,,,
Ch√¢teau de Mont-L'Ev√™que - 27 km,Activit√©s,"√Ä 3 km √† l'est de la cit√© m√©di√©vale de Senlis, en bordure de la for√™t d'Ermenonville, se trouve un ch√¢teau nich√© au c≈ìur d'un vaste parc travers√© par la Nonette, qui forme un √©tang o√π les cygnes se pr√©lassent. Ancienne r√©sidence de campagne des √©v√™ques de Senlis, son architecture ne manquera pas de vous surprendre. D√®s votre entr√©e, vous d√©couvrirez un ch√¢teau digne d'un conte de f√©es ! Le parc est ouvert √† la visite libre tous les jours.",https://storage.googleapis.com/glide-prod.appspot.com/uploads-v2/5OrytQhEIgYvnPFZG5fG/pub/8himkPj9bEWDGcfRu7LP.jpg,,,,,,,,"https://www.google.com/maps/place/Ch%C3%A2teau+de+Mont-l'Ev%C3%AAque/@49.1935239,2.627072,17z/data=!3m1!4b1!4m6!3m5!1s0x47e631f5729173b9:0x4e4a69e3d70f6524!8m2!3d49.1935204!4d2.6296469!16s%2Fg%2F11h7s3fb01?authuser=0&entry=ttu",,,,,,,
Mus√©e du Cloitre Saint Corneille - 33 km,Activit√©s,"Le mus√©e du clo√Ætre Saint-Corneille, situ√© dans l'abbaye fond√©e en 877 par Charles le Chauve, est une extension du mus√©e Antoine Vivenel √† Compi√®gne. Ce site historique abrite une collection de sculptures m√©di√©vales et Renaissance, retra√ßant l'histoire de l'abbaye, autrefois c√©l√®bre pour ses reliques, comme le corps de saint Corneille.

Seul le clo√Ætre, restaur√© dans son style du XIVe si√®cle, subsiste apr√®s la d√©molition de l'abbaye. Depuis 2012, deux ailes du clo√Ætre exposent des sculptures t√©moignant des pratiques religieuses et fun√©raires du XIIIe au XVIe si√®cle.

L'entr√©e au mus√©e est gratuite, avec un billet unique valable 24h pour les autres sites du mus√©e Antoine Vivenel.",https://storage.googleapis.com/glide-prod.appspot.com/uploads-v2/5OrytQhEIgYvnPFZG5fG/pub/XCYyCMpwCyTwtovOVaPk.jpg,,,,,,,,"https://www.google.com/maps/place/Mus%C3%A9e+du+Clo%C3%AEtre+Saint-Corneille/@49.4172334,2.8221332,17z/data=!3m1!4b1!4m6!3m5!1s0x47e7d718d85f089f:0x601ed0467d2e4c1e!8m2!3d49.4172299!4d2.8247081!16s%2Fg%2F11ghn43vmq?authuser=0&entry=ttu",,,03 44 20 26 04,,,,
Cath√©drale Notre Dame de Senlis - 23 km ,Activit√©s,"La cath√©drale de Senlis surprend par ses contrastes : bien que l'une des plus petites de France (70 m de longueur, 24 m sous vo√ªte), elle illustre parfaitement l'√©volution du style gothique, du primitif au rayonnant. Construite entre 1151 et 1560, elle a √©t√© maintes fois modifi√©e, notamment apr√®s l'incendie de 1504, o√π Louis XII et Fran√ßois Ier ont financ√© la reconstruction, rehaussant les parties hautes et enrichissant les fa√ßades de d√©cors flamboyants.

Parmi ses tr√©sors, on trouve le portail de la Vierge, chef-d'≈ìuvre gothique du XIIe si√®cle, et la tour Sud, remarquable exemple de gothique du XIIIe si√®cle. La cath√©drale abrite √©galement la relique de la m√¢choire de Saint-Rieul, premier √©v√™que de Senlis, li√©e √† une l√©gende miraculeuse impliquant Clovis.

Notre-Dame de Senlis, avec ses √©l√©ments gothiques et son histoire riche, s'inscrit parmi les plus belles cath√©drales de France.",https://storage.googleapis.com/glide-prod.appspot.com/uploads-v2/5OrytQhEIgYvnPFZG5fG/pub/b2ZtdcEwYZ4PrDIC2zzF.jpg,,,,,,,,"https://www.google.com/maps/place/Cath%C3%A9drale+Notre-Dame+de+Senlis+-+Paroisse+Saint+Rieul/@49.2068587,2.583022,16z/data=!3m1!4b1!4m6!3m5!1s0x47e630d1828c0cc1:0x7dbc25d2b2442e59!8m2!3d49.2068552!4d2.5855969!16s%2Fm%2F02z13bz?authuser=0&entry=ttu",,,,,,,
N√©cropole militaire fran√ßaise de Catenoy - 9 km,Activit√©s,"Cette n√©cropole de 6 830 m¬≤, √©rig√©e en d√©cembre 1921, accueille 1 745 s√©pultures, dont celles d‚Äôun soldat russe et de deux pilotes courageux : un Australien, tomb√© le 4 juin 1918, et un Britannique, le 7 juin de la m√™me ann√©e. Quatre soldats fran√ßais de la Seconde Guerre mondiale reposent √©galement ici. Ce lieu de m√©moire r√©unit les d√©pouilles provenant de plusieurs villages alentour (Catenoy, Breuil-le-Sec, √âpineuse, entre autres), ainsi que celles transf√©r√©es plus tard, en 1965 et 1970, depuis Clermont et Creil. Ici, chaque pierre t√©moigne du sacrifice et de l‚Äôhistoire de ceux qui reposent en ces lieux.",https://storage.googleapis.com/glide-prod.appspot.com/uploads-v2/5OrytQhEIgYvnPFZG5fG/pub/ccnlT7Pt9K8OfKKOT9U6.jpg,,,,,,,,"https://www.google.com/maps/place/N%C3%A9cropole+militaire+fran%C3%A7aise+de+Catenoy/@49.373354,2.5125107,17z/data=!3m1!4b1!4m6!3m5!1s0x47e7ca8f4a6a52cf:0xdb9722c0e6748a75!8m2!3d49.3733505!4d2.5150856!16s%2Fg%2F11gb407c22?authuser=0&entry=ttu&g_ep=EgoyMDI0MTAyMy4wIKXMDSoASAFQAw%3D%3D",,,,,,,
Parc Jean-Jacques Rousseau - Ermenonville - 38 km,Activit√©s,"Sur des chemins sinueux bord√©s de buis non taill√©s, de fleurs champ√™tres, de grottes et de fabriques anciennes, le parc semble pr√©server un √©quilibre entre nature et art. Con√ßu par le marquis de Girardin entre 1763 et 1774, ce jardin √† l'anglaise, unique en France, offre une cinquantaine de petits monuments qui jalonnent la balade, invitant petits et grands √† d√©couvrir, apprendre, et r√™ver au fil des paysages inspir√©s par Rousseau.",https://storage.googleapis.com/glide-prod.appspot.com/uploads-v2/5OrytQhEIgYvnPFZG5fG/pub/n8PsLa8JNLz4lCFqK0Iq.jpg,,,,,,,,"https://www.google.com/maps/place/Parc+Jean-Jacques+Rousseau/@49.126528,2.6885483,17z/data=!4m15!1m8!3m7!1s0x47e624e14df61b75:0x593db181b7687c3f!2sParc+Jean-Jacques+Rousseau!8m2!3d49.126528!4d2.690737!10e4!16s%2Fm%2F0gg9q3n!3m5!1s0x47e624e14df61b75:0x593db181b7687c3f!8m2!3d49.126528!4d2.690737!16s%2Fm%2F0gg9q3n?authuser=0&entry=ttu&g_ep=EgoyMDI0MTAyMy4wIKXMDSoASAFQAw%3D%3D",https://storage.googleapis.com/glide-prod.appspot.com/uploads-v2/5OrytQhEIgYvnPFZG5fG/pub/sGlVkXHfzMVHEDoIIHUM.jpg,,,,,,
Cano√´ kayak - Montataire - 14km,Activit√©s,"Explorez la Vall√©e du Th√©rain en kayak !

Envie d‚Äôune escapade nature ? Situ√© √† Montataire, le club vous propose de d√©couvrir le Th√©rain, une rivi√®re sinueuse entour√©e de for√™ts et de prairies. 

üíß Autonomie totale : Louez un kayak et naviguez √† votre rythme.
üåø Cadre sauvage : Pagayez au c≈ìur d‚Äôune nature pr√©serv√©e, croisez h√©rons, libellules et peut-√™tre m√™me un castor.
‚úÖ Mat√©riel au top : Kayaks confortables, gilets et pagaies bien entretenus pour naviguer en toute s√©curit√©.
üéØ Des conseils sur mesure : L‚Äô√©quipe est l√† pour vous guider selon votre niveau et vos envies.

Embarquez et laissez-vous porter par le courant !",https://storage.googleapis.com/glide-prod.appspot.com/uploads-v2/5OrytQhEIgYvnPFZG5fG/pub/cUZRDmBRhqxbUw7uQ7QI.jpg,,,,,,,https://www.canoe-kayak-montataire.com/,"https://www.google.fr/maps/place/Cano%C3%AB+Kayak+Montataire+-+Club+du+Th%C3%A9rain/@49.25486,2.4296823,16z/data=!3m1!4b1!4m6!3m5!1s0x47e6497d4b7b46ff:0xa6f4d22e6ec4a700!8m2!3d49.2548565!4d2.4322572!16s%2Fg%2F11c5g8l96g?entry=ttu&g_ep=EgoyMDI1MDMwMi4wIKXMDSoASAFQAw%3D%3D",,,0617548309,,10% de r√©duction en pr√©sentant votre r√©servation au camping,,
Balade a dos de Henson - CHANTILLY - 22 km,Activit√©s,"Situ√© dans le cadre exceptionnel du domaine de Chantilly, l‚ÄôEspace √âquestre Henson offre une exp√©rience inoubliable au contact de ses embl√©matiques chevaux. Que vous soyez passionn√© d‚Äô√©quitation ou amoureux de nature, il propose des balades immersives √† travers for√™ts, √©tangs et vastes prairies entourant le c√©l√®bre ch√¢teau.

üêé Balades √† cheval : D√©couvrez le patrimoine naturel et historique de Chantilly lors de promenades encadr√©es par des guides passionn√©s. Adapt√©es √† tous, elles offrent une immersion totale dans un cadre majestueux.

üåø Exp√©riences personnalis√©es : En famille, entre amis ou en couple, profitez de formules adapt√©es √† chaque envie.",https://storage.googleapis.com/glide-prod.appspot.com/uploads-v2/5OrytQhEIgYvnPFZG5fG/pub/2d3u6aBLebi0Xm4Z8GEo.jpg,,,,,,,https://www.henson.fr/les-espaces-equestres/henson-chantilly-apremont/,"https://www.google.com/maps/place/Espace+Equestre+Henson+-+Chantilly/@49.1953778,2.4642919,17z/data=!3m1!4b1!4m6!3m5!1s0x47e64815a6ec2e3f:0x702689a7787be47e!8m2!3d49.1953743!4d2.4668668!16s%2Fg%2F11c6qbp5kv?hl=fr&entry=ttu&g_ep=EgoyMDI1MDMxNy4wIKXMDSoJLDEwMjExNjM5SAFQAw%3D%3D",https://storage.googleapis.com/glide-prod.appspot.com/uploads-v2/5OrytQhEIgYvnPFZG5fG/pub/tjrcvzJxriiyT0txyivV.jpg,,06 48 10 51 45 ,,Un caf√© ou un th√© offert en mentionnant votre s√©jour au camping lors de votre r√©servation.,,
Mus√©e de l'aviation - WARLUIS - 33 km,Activit√©s,"Le Mus√©e de l‚ÄôAviation de Warluis vous plonge dans l‚Äôhistoire fascinante de l‚Äôaviation pendant la Seconde Guerre mondiale. Avec plus de 1 000 objets authentiques, 1 600 photos et documents expos√©s sur 1 000 m¬≤, il offre une collection unique en France.

‚úàÔ∏è Explorez des secteurs d√©di√©s aux moteurs, √† l‚Äôaviation fran√ßaise, anglaise, am√©ricaine et allemande, avec des pi√®ces exceptionnelles comme un tableau de bord de Spitfire, une V1 restaur√©e et des objets d‚Äôaviateurs. Ce mus√©e, riche en histoire, est un v√©ritable lieu de partage et de passion. 

Ouvert du 1er Mars au 11 novembre les samedi, dimanche et jours f√©ri√©s de 14h √† 18h.",https://storage.googleapis.com/glide-prod.appspot.com/uploads-v2/5OrytQhEIgYvnPFZG5fG/pub/8fXvLOPBYGL00Femyu8L.jpg,,,,,,,https://museedelaviation-warluis.com/,"https://www.google.com/maps/place/Mus%C3%A9e+de+l'Aviation/@49.393508,2.1462957,17z/data=!3m1!4b1!4m6!3m5!1s0x47e7aa7c66049241:0xbb991e8d5dee7c92!8m2!3d49.3935045!4d2.1488706!16s%2Fg%2F1td4z50g?hl=fr&entry=ttu&g_ep=EgoyMDI1MDMxNy4wIKXMDSoJLDEwMjExNjM5SAFQAw%3D%3D",https://storage.googleapis.com/glide-prod.appspot.com/uploads-v2/5OrytQhEIgYvnPFZG5fG/pub/cL2JxEL81JYL8TKpqVWh.jpg,https://storage.googleapis.com/glide-prod.appspot.com/uploads-v2/5OrytQhEIgYvnPFZG5fG/pub/1bHbyLOtrA2kogxFTSEe.jpg,0344892823,,Entr√©e gratuit pour les enfants (bon de r√©duction √† venir chercher a la r√©ception du camping),,
ESCAPE GAME - SAINT MAXIMIN - 14 KM,Activit√©s,"Si vous cherchez une exp√©rience immersive et originale, Freeing Escape Game Saint-Maximin est une adresse incontournable ! C‚Äôest l‚Äôun des plus grands centres d‚Äôescape game en France, proposant bien plus que des √©nigmes √† r√©soudre.

L√†-bas, on retrouve :
üî• Escape Games ‚Äì Des sc√©narios captivants o√π r√©flexion et esprit d‚Äô√©quipe sont la cl√©.
üé≠ Immersive Games ‚Äì Des exp√©riences interactives o√π chaque choix influence l‚Äôhistoire.
üéØ Fl√©chettes ‚Äì Pour des parties fun et comp√©titives entre amis.
üé§ Karaok√© ‚Äì Un espace d√©di√© pour chanter vos hits pr√©f√©r√©s.
‚ùì Quiz ‚Äì D√©fiez vos proches sur des questions vari√©es et tentez de remporter la victoire !",https://storage.googleapis.com/glide-prod.appspot.com/uploads-v2/5OrytQhEIgYvnPFZG5fG/pub/93e3S8LTNqoyF5Ke3VcD.jpg,,,,,,,https://freeing.fr/,"https://www.google.com/maps/place/Freeing+Escape+Game/@49.2395219,2.463093,17z/data=!3m1!4b1!4m6!3m5!1s0x47e649fda8b22a7b:0x5a1d603a9334b2eb!8m2!3d49.2395184!4d2.4656679!16s%2Fg%2F11g4h_xm22?hl=fr&entry=ttu&g_ep=EgoyMDI1MDMyNC4wIKXMDSoJLDEwMjExNjM5SAFQAw%3D%3D",https://storage.googleapis.com/glide-prod.appspot.com/uploads-v2/5OrytQhEIgYvnPFZG5fG/pub/rgThXnQQraoyRdsJ8Z3o.jpg,https://storage.googleapis.com/glide-prod.appspot.com/uploads-v2/5OrytQhEIgYvnPFZG5fG/pub/i3kcewfDvn4kR8fmVW2n.jpg,09 80 80 03 01,,10 ‚Ç¨ de r√©duction avec le code FALOISE10 (hors fl√©chettes et shuffleboard),,
Domaine de Chaalis - FONTAINE CHAALIS - 35 KM,Activit√©s,"Au c≈ìur de la for√™t d‚ÄôErmenonville, ce domaine exceptionnel abrite les vestiges d‚Äôune ancienne abbaye cistercienne, mais surtout un ch√¢teau-mus√©e magnifiquement meubl√©, o√π chaque pi√®ce vous plonge dans l‚Äô√©l√©gance et le raffinement du pass√©. 

√Ä l‚Äôext√©rieur, les jardins et la roseraie sont parfaits pour une belle balade. Et pour un moment vraiment original, ne manquez pas les d√©monstrations de rapaces : faucons, hiboux et aigles volent au-dessus des ruines, pour le plaisir des petits comme des grands.",https://storage.googleapis.com/glide-prod.appspot.com/uploads-v2/5OrytQhEIgYvnPFZG5fG/pub/k60wCcQeJKbAeXr8LmYo.jpg,,,,,,,https://www.domainedechaalis.fr/?,"https://www.google.com/maps/place/Dom.+de+Chaalis,+60300+Fontaine-Chaalis/@49.1609904,2.6068475,11.25z/data=!4m6!3m5!1s0x47e6253e671d968d:0x2d84bcc2291fa7e0!8m2!3d49.147826!4d2.685331!16s%2Fg%2F1v6l6s_4?hl=fr&entry=ttu&g_ep=EgoyMDI1MDQwMi4xIKXMDSoJLDEwMjExNjM5SAFQAw%3D%3D",https://storage.googleapis.com/glide-prod.appspot.com/uploads-v2/5OrytQhEIgYvnPFZG5fG/pub/gIRPwle1x28NqErxLlIA.jpg,https://storage.googleapis.com/glide-prod.appspot.com/uploads-v2/5OrytQhEIgYvnPFZG5fG/pub/sUV1oQ9CpnB8DMvWVPPb.jpg,03 44 54 04 02,,"En pr√©sentant votre r√©servation au camping, vous b√©n√©ficierez du tarif r√©duit.",,
Wam Park - Plan D'eau du canada - Beauvais - 45 km,Activit√©s,"Le Wam Park de Beauvais est une base de loisirs situ√©e sur le plan d'eau du Canada, offrant une vari√©t√© d'activit√©s pour toute la famille. Parmi les attractions propos√©es, on retrouve un t√©l√©ski nautique, des jeux gonflables sur l'eau, des toboggans aquatiques, du stand-up paddle, une tyrolienne aquatique, ainsi qu'une plage surveill√©e pour la baignade. Un snack-bar est √©galement disponible sur place pour se restaurer. ‚Äã",https://storage.googleapis.com/glide-prod.appspot.com/uploads-v2/5OrytQhEIgYvnPFZG5fG/pub/ZJg9i68RtbgHMzormNR5.png,,,,,,,https://www.wampark.fr/base-de-loisirs-beauvais/,"https://www.google.com/maps/place/Wam+Park+Beauvais/@49.4537387,2.0538735,17z/data=!3m1!4b1!4m6!3m5!1s0x47e7069915555555:0x28bbd06cef97ad33!8m2!3d49.4537353!4d2.0587444!16s%2Fg%2F11g8zxs7bp?hl=fr&entry=ttu&g_ep=EgoyMDI1MDQwMi4xIKXMDSoJLDEwMjExNjM5SAFQAw%3D%3D",https://storage.googleapis.com/glide-prod.appspot.com/uploads-v2/5OrytQhEIgYvnPFZG5fG/pub/XYtLDl650yAF3Q6AiJF3.jpeg,https://storage.googleapis.com/glide-prod.appspot.com/uploads-v2/5OrytQhEIgYvnPFZG5fG/pub/35exKCOakVayP2GToCv3.png,0365659875,,-15% sur les packs d'activit√©s et les pass √† la journ√©e sur pr√©sentation de votre r√©servation au camping,,
Questionnaire de satisfaction,Informations,"üì¢ Votre avis compte !
Pour nous aider √† am√©liorer constamment nos services et √† rendre votre s√©jour toujours plus agr√©able, nous vous invitons √† remplir notre questionnaire de satisfaction en fin de s√©jour.
üí¨ Quelques minutes suffisent, et vos retours sont essentiels √† notre d√©marche qualit√©.
üëâ https://forms.gle/v5Fdsu8QxUaQvcDq5

Merci pour votre participation et votre confiance !",https://storage.googleapis.com/glide-prod.appspot.com/uploads-v2/5OrytQhEIgYvnPFZG5fG/pub/QyqIpJW9sUOjmMEYzwsS.jpg,,,,,,,https://forms.gle/v5Fdsu8QxUaQvcDq5,,,,,,,,
La Part des Anges - Verneuil-en-Halatte - 15 km,Magasins,"Situ√©e √† Verneuil-en-Halatte, La Part des Anges est une adresse incontournable pour les amateurs de vins, de gins et de d√©couvertes gustatives. 

üç∑ Un concept chaleureux
√Ä la fois caviste, bar √† vins, bar √† gins et √©picerie fine, La Part des Anges propose une s√©lection rigoureuse de vins issus de domaines respectueux de la nature, ainsi qu'une collection impressionnante d'une centaine de gins soigneusement choisis. Les propri√©taires, Astrid et Jacques, parcourent les vignobles pour d√©nicher des p√©pites et partager leur passion avec leur client√®le.

üßÄ Des accords mets et boissons savoureux
Pour accompagner les d√©gustations, des plateaux de charcuterie et de fromages artisanaux sont propos√©s, mettant en valeur les produits locaux et de qualit√©. L'√©picerie fine offre √©galement une vari√©t√© de d√©lices, tels que des terrines, confitures, tartinades, jus et autres curiosit√©s comme le sirop de li√®ge.

Informations pratiques : 
Horaires :
Mercredi : 10h00 - 12h30 et 15h30 - 20h00
Jeudi et vendredi : 10h00 - 12h30 et 15h30 - 22h00
Samedi : 10h00 - 22h00
Dimanche : 10h00 - 13h00
Ferm√© les lundi et mardi",https://storage.googleapis.com/glide-prod.appspot.com/uploads-v2/5OrytQhEIgYvnPFZG5fG/pub/gRNnAJL7IqyNpyeRRVzp.png,,,,,,,lapartdesangesverneuil.fr,"https://www.google.fr/maps/place/La+Part+des+Anges/@49.2833177,2.5198289,17z/data=!3m1!4b1!4m6!3m5!1s0x47e635bc0b7b2b25:0x4bfbd580bf1bc45b!8m2!3d49.2833142!4d2.5224038!16s%2Fg%2F11dy_j3384?hl=fr&entry=ttu&g_ep=EgoyMDI1MDUwMy4wIKXMDSoASAFQAw%3D%3D",https://storage.googleapis.com/glide-prod.appspot.com/uploads-v2/5OrytQhEIgYvnPFZG5fG/pub/hSXM9PPQmcXAQZMTPbvP.png,https://storage.googleapis.com/glide-prod.appspot.com/uploads-v2/5OrytQhEIgYvnPFZG5fG/pub/91jNXk6qXGU2sBCEG8Kv.png,+33 7 81 62 21 68,,5 bouteilles du m√™me domaine achet√©es = la 6√®me offerte,,
SKYWALLS - SAINT MARD - 55 KM,Activit√©s,"Skywalls est un parc indoor d'escalade et d'accrobranche situ√©, offrant une exp√©rience ludique et sportive pour toute la famille. Sur une surface de 500 m¬≤, le parc propose plus de 30 d√©fis, avec des murs d'escalade atteignant jusqu'√† 7 m√®tres de hauteur et un parcours d'accrobranche suspendu au-dessus de l'ensemble .

Les installations sont accessibles aux enfants d√®s 4 ans pour l'escalade, et √† partir de 1,20 m√®tre pour l'accrobranche. 

Skywalls est ouvert toute l'ann√©e, m√™me en cas de mauvais temps, avec des horaires adapt√©s selon les p√©riodes scolaires et les vacances . Le tarif d'entr√©e est de 15 ‚Ç¨ par personne pour une session d'une heure, incluant un briefing de s√©curit√© pr√©alable.",https://storage.googleapis.com/glide-prod.appspot.com/uploads-v2/5OrytQhEIgYvnPFZG5fG/pub/4t06TA0WtAMDncGfy1N4.jpeg,,,,,,,https://skywalls.fr/,"https://www.google.fr/maps/place/SKYWALLS/@49.0330877,2.6787198,17z/data=!3m1!4b1!4m6!3m5!1s0x47e62385233a7c31:0xd5feba2da03f674c!8m2!3d49.0330842!4d2.6812947!16s%2Fg%2F11k4xy8ll9?hl=fr&entry=ttu&g_ep=EgoyMDI1MDUxNS4wIKXMDSoASAFQAw%3D%3D",https://storage.googleapis.com/glide-prod.appspot.com/uploads-v2/5OrytQhEIgYvnPFZG5fG/pub/9XhmmFfnhauN8vtjJDtH.jpeg,https://storage.googleapis.com/glide-prod.appspot.com/uploads-v2/5OrytQhEIgYvnPFZG5fG/pub/kgvviIJb2tVzqStJqtrz.jpeg,01 64 66 19 07,https://storage.googleapis.com/glide-prod.appspot.com/uploads-v2/5OrytQhEIgYvnPFZG5fG/pub/1c5ZMBerFs3qWchpPVGR.jpeg,Remise de 10 % sur les sessions d‚Äôescalade r√©serv√©es en ligne (justificatif de r√©servation sera demand√©),https://storage.googleapis.com/glide-prod.appspot.com/uploads-v2/5OrytQhEIgYvnPFZG5fG/pub/KUmWKo1BFfeKSjZW51nY.jpg,https://storage.googleapis.com/glide-prod.appspot.com/uploads-v2/5OrytQhEIgYvnPFZG5fG/pub/PWFovkvzipqRx5YzawCj.jpg
ULM Paramoteur - CREPY EN VALOIS - 53 km,Activit√©s,"Bas√©e √† Cr√©py-en-Valois, Para Ton Air est une √©cole de pilotage sp√©cialis√©e dans le paramoteur, une forme d‚ÄôULM (Ultra L√©ger Motoris√©). Fond√©e par Bruno Fernandez, passionn√© d‚Äôaviation, l‚Äô√©cole propose des bapt√™mes de l‚Äôair et des initiations au pilotage pour tous ceux qui r√™vent de voler.

ü™Ç Au programme :

Bapt√™mes de l‚Äôair de 10 √† 50 minutes pour survoler les tr√©sors du Pays de Valois : remparts de Cr√©py, Donjon de Vez, ch√¢teaux de Pierrefonds et Chantilly‚Ä¶

Initiations au pilotage avec prise de commandes accompagn√©e, pour vivre les sensations du pilotage en toute s√©curit√©.

üìç Lieu de vol : d√©collage depuis L√©vignen, √† deux pas de Cr√©py-en-Valois.",https://storage.googleapis.com/glide-prod.appspot.com/uploads-v2/5OrytQhEIgYvnPFZG5fG/pub/zXum6KxoHSGsOsfvBy1A.png,,,,,,,https://www.para-ton-air.fr/,"https://www.google.fr/maps/place/PARA+TON+AIR+-+ULM+paramoteur/@49.1978035,2.935045,17z/data=!3m1!4b1!4m6!3m5!1s0x21969d021af650fd:0x445f1b8d1192b4ea!8m2!3d49.1978!4d2.9376199!16s%2Fg%2F11vxy9jp9d?hl=fr&entry=ttu&g_ep=EgoyMDI1MDUyMS4wIKXMDSoASAFQAw%3D%3D",https://storage.googleapis.com/glide-prod.appspot.com/uploads-v2/5OrytQhEIgYvnPFZG5fG/pub/KYTlt2dD2e6NAjlviWxA.png,https://storage.googleapis.com/glide-prod.appspot.com/uploads-v2/5OrytQhEIgYvnPFZG5fG/pub/va2O0t4rIcG3G4ooEjoD.jpg,06 23 67 39 94,,"R√©duction de 19 ‚Ç¨ sur les vols de 10 minutes
R√©duction de 29 ‚Ç¨ sur les vols de 20 minutes
R√©duction de 59 ‚Ç¨ sur les vols de 40 minutes
R√©duction de 69 ‚Ç¨ sur les vols de 50 minutes
R√©duction de 89 ‚Ç¨ sur les vols duo
Pour b√©n√©ficier de cette offre indiquez votre r√©servation au camping lors de votre r√©servation.",,
ABBAYE ROYALE DU MONCEL - PONTPOINT - 11 KM,Activit√©s,"Fond√©e en 1309 par le roi Philippe IV le Bel, cette abbaye class√©e monument historique est un lieu charg√© d‚Äôhistoire.
Vous pourrez admirer son architecture m√©di√©vale : r√©fectoire gothique, celliers vo√ªt√©s, dortoirs aux charpentes impressionnantes.
Le domaine s‚Äô√©tend sur 6 hectares de parc arbor√©, id√©al pour une promenade au calme.
Des visites libres et guid√©es sont propos√©es, ainsi que des expositions et animations culturelles tout au long de l‚Äôann√©e.

‚è∞ Ouvert du mercredi au dimanche (10h-12h et 14h-18h) de d√©but avril √† fin septembre",https://storage.googleapis.com/glide-prod.appspot.com/uploads-v2/5OrytQhEIgYvnPFZG5fG/pub/xY7TKjyrtygV6h6W0VtF.jpg,,,,,,,https://abbayedumoncel.fr/,"https://www.google.fr/maps/place/Abbaye+Royale+du+Moncel/@49.30172,2.6101054,17z/data=!3m1!4b1!4m6!3m5!1s0x47e6330c44c207e9:0xb95ae50337814f75!8m2!3d49.3017165!4d2.6126803!16s%2Fg%2F12q4pmzkw?hl=fr&entry=ttu&g_ep=EgoyMDI1MDkyOC4wIKXMDSoASAFQAw%3D%3D",https://storage.googleapis.com/glide-prod.appspot.com/uploads-v2/5OrytQhEIgYvnPFZG5fG/pub/tzrntYu85QrkxVc8rRpx.webp,https://storage.googleapis.com/glide-prod.appspot.com/uploads-v2/5OrytQhEIgYvnPFZG5fG/pub/x51qFu80ZEdVWCvzz6Ie.webp,03 44 72 33 98,,Entr√©e a 5‚Ç¨ (au lieu de 7‚Ç¨) sur pr√©sentation de votre r√©servation au camping,,