Titre souhait√©,Cat√©gorie,D√©tails,Image,Image de fond,T√©l√©phone H√¥te,Mail H√¥te,SMS H√¥te,logo,T√©l√©phone,photo 2,photo 3,photo 4,photo 5,photo 6,Partagez la localisation google maps,Site Web / ou wifi
Support,Accueil,Ajoutez les informations importantes pour vos voyageurs !,https://storage.googleapis.com/glide-prod.appspot.com/uploads-v2/uUwrtP1ipfxaVsZAfhPx/pub/V0f1dgOu7FRUokjZrxfA.jpg,https://storage.googleapis.com/glide-prod.appspot.com/uploads-v2/uUwrtP1ipfxaVsZAfhPx/pub/jkEjsCXMK1hYoW16LUth.jpg,0682506631,kro35410@hotmail.com,0682506631,https://storage.googleapis.com/glide-prod.appspot.com/uploads-v2/uUwrtP1ipfxaVsZAfhPx/pub/luuIF7xKghh267mvs5nd.jpg,,,,,,,,
Ti Kaza Zen ,Accueil,"Bienvenue √† kazazen. 
La maison est situ√©e dans les hauteurs de Sainte-Anne. 
Vous √™tes √† 5 minutes en voiture des plus belles plages de Sainte-Anne. 

Vous avez √† disposition dans la maison la terrasse, le salon avec la t√©l√© et la Nintendo pour les adeptes de jeux, la cuisine avec tout l'√©lectrom√©nager, vous avez acc√®s √† la salle de bain ainsi qu'au deux chambres du bas.

Dans les chambres vous avez √† disposition des ventilateurs. 
Et les armoires pour pouvoir ranger vos affaires si vous le souhaitez. 

Je mets √† disposition si vous souhaitez les deux planches de surf la orange et la blanche ainsi que le body. 
Vous avez aussi √† disposition les jeux de plage ballon raquette ainsi que les masques et tubas.
A disposition aussi dans le meuble du salon des jeux de soci√©t√© et des jeux cr√©atifs pour vos enfants. 

√Ä disposition aussi sur la terrasse un hamac que vous pouvez accrocher sur les accroches rouges. 

Au-dessus de l'armoire de la cuisine vous avez un petit arrosoir si vous sentez que les plantes ont chaud elles se feront un plaisir d'√™tre arros√©es üòÖ

Dans la maison habite notre petit chat destin.
Vous n'avez pas besoin de lui donner √† manger tous les jours il a sa gamelle √©lectronique. 
Peut-√™tre la remplir si vous voyez qu'elle est vide les croquettes sont en bas de l'√©vier de la cuisine. 
C'est un chat qui a l'habitude des enfants et qui adore les c√¢lins il est assez pot de colle üòâ. 

Pour les poubelles vous avez la poubelle grise pour les d√©chets m√©nager. 
Attention ne pas mettre de d√©chets viandes poissons √ßa attirent les asticots, mettre ces d√©chets dans un sac plastique bien ferm√©. 
Vous avez l'autre poubelle pour le plastique et le verre. 
Pour vider les poubelles il y a de grandes poubelles dans la descente √† l'entr√©e du chemin. 
Peu importe la poubelle vous pouvez mettre dans n'importe laquelle ( les poubelles grise.
Pour le verre il faut aller le d√©poser dans les containers qui se situe en face √† c√¥t√© d'un arr√™t de bus du club Med.
",https://storage.googleapis.com/glide-prod.appspot.com/uploads-v2/4ZSVYDu4E7qeM7sg06nu/pub/GOpicSXVAPA5FELR6Mue.jpg,,,,,,0682506631,https://storage.googleapis.com/glide-prod.appspot.com/uploads-v2/4ZSVYDu4E7qeM7sg06nu/pub/MUKmww5byvaqH3n7quo6.jpg,https://storage.googleapis.com/glide-prod.appspot.com/uploads-v2/4ZSVYDu4E7qeM7sg06nu/pub/9l1jYwhV432ISf1BozRf.jpg,https://storage.googleapis.com/glide-prod.appspot.com/uploads-v2/4ZSVYDu4E7qeM7sg06nu/pub/cCnqz6ZNBDWaxTnspUxh.jpg,https://storage.googleapis.com/glide-prod.appspot.com/uploads-v2/4ZSVYDu4E7qeM7sg06nu/pub/4m59V4E8K6CEyhagkGMK.jpg,https://storage.googleapis.com/glide-prod.appspot.com/uploads-v2/4ZSVYDu4E7qeM7sg06nu/pub/PDF9aiXR87AmJTdFTNLC.jpg,,
Plage du Bourg de Saint-Anne,PLAGE ,"La Plage de Sainte-Anne est l'une des plages les plus populaires de la Guadeloupe. Situ√©e sur la commune de Sainte-Anne, elle est r√©put√©e pour son sable blanc et ses eaux turquoise cristallines. Cette plage est id√©ale pour la baignade, le snorkeling et les activit√©s nautiques.

√Ä proximit√©, vous trouverez des restaurants et des boutiques o√π il est possible de d√©guster des sp√©cialit√©s locales et d'acheter des souvenirs. La plage est aussi un endroit pris√© pour les familles gr√¢ce √† ses infrastructures et son ambiance conviviale.

Si vous avez des questions sp√©cifiques sur la plage, les activit√©s ou les lieux √† visiter aux alentours, n'h√©sitez pas √† demander !",https://storage.googleapis.com/glide-prod.appspot.com/uploads-v2/4ZSVYDu4E7qeM7sg06nu/pub/Qrd49KXoxPXBMTSUrjgC.jpg,,,,,,,,,,,,https://maps.app.goo.gl/16zAVYw4WgqYDz5u9?g_st=com.google.maps.preview.copy,
Plage de la caravelle ,PLAGE ,"La Plage de la Caravelle, situ√©e √† Sainte-Anne en Guadeloupe, est r√©put√©e pour sa beaut√© naturelle et ses eaux cristallines. C'est une plage tr√®s appr√©ci√©e des visiteurs pour plusieurs raisons :

Environnement : La plage est entour√©e de palmiers et de v√©g√©tation tropicale, offrant une ambiance relaxante et paradisiaque.

Activit√©s : On y trouve souvent des activit√©s nautiques, comme le snorkeling, la plong√©e et le paddle. Les eaux calmes en font un endroit id√©al pour la baignade, surtout pour les familles.

Acc√®s : La plage est facilement accessible et dispose de commodit√©s telles que des restaurants, des bars et des espaces pour se reposer.

Ambiance : La plage est souvent anim√©e, surtout en haute saison, mais il est possible de trouver des coins plus tranquilles pour se d√©tendre.

C'est une destination pris√©e non seulement pour sa beaut√©, mais aussi pour l'atmosph√®re conviviale qui y r√®gne. Si vous pr√©voyez de visiter, n'oubliez pas votre cr√®me solaire et de profiter du cadre exceptionnel !",https://storage.googleapis.com/glide-prod.appspot.com/uploads-v2/4ZSVYDu4E7qeM7sg06nu/pub/UwBINHA5IhFbQsYAA34b.jpg,,,,,,,,,,,,,
Plage de bois jolan ,PLAGE ,"La Plage de Bois Jolan, situ√©e pr√®s de Sainte-Anne en Guadeloupe,
 Voici quelques points d'int√©r√™t concernant cette plage :

Beaut√© naturelle : Bois Jolan est connue pour son sable fin et dor√©, ainsi que pour ses eaux turquoise et calmes. La v√©g√©tation environnante, avec de nombreux cocotiers, ajoute √† son charme.

Ambiance paisible : Cette plage est souvent moins fr√©quent√©e que d'autres plages populaires, ce qui en fait un endroit id√©al pour se d√©tendre, pique-niquer ou profiter d'un moment de tranquillit√©.

Activit√©s : Les visiteurs peuvent pratiquer des activit√©s nautiques comme le kayak ou le paddle. Les conditions de baignade sont g√©n√©ralement excellentes, ce qui en fait un lieu parfait pour les familles.

Acc√®s et commodit√©s : La plage est accessible en voiture et dispose de quelques commodit√©s √† proximit√©, y compris des restaurants et des espaces ombrag√©s.

√âcologie : La zone est √©galement appr√©ci√©e pour sa biodiversit√© marine, et il est courant de voir des poissons color√©s pr√®s de la c√¥te.

La Plage de Bois Jolan est un excellent choix si vous recherchez une exp√©rience relaxante dans un cadre naturel exceptionnel en Guadeloupe.",https://storage.googleapis.com/glide-prod.appspot.com/uploads-v2/4ZSVYDu4E7qeM7sg06nu/pub/7FSUjla82kf7v0KrG9XL.jpg,,,,,,,,,,,,,
Plage de petit havre ,PLAGE ,"La Plage de Petit Havre, situ√©e sur la c√¥te sud de la Guadeloupe pr√®s de Sainte-Anne, est un lieu pris√© pour son ambiance tranquille et ses paysages pittoresques. Voici quelques caract√©ristiques de cette plage :

Sable et eaux claires : La plage est connue pour son sable dor√© et ses eaux limpides, parfaites pour la baignade. Les vagues y sont g√©n√©ralement douces, ce qui en fait un endroit agr√©able pour se baigner.

Cadre naturel : Entour√©e de palmiers et de v√©g√©tation tropicale, Petit Havre offre un cadre naturel idyllique. C‚Äôest un endroit id√©al pour se d√©tendre et profiter du soleil.

Moins fr√©quent√©e : Compar√©e √† d'autres plages plus populaires, Petit Havre attire moins de monde, ce qui permet de profiter d'une atmosph√®re plus paisible.

Activit√©s nautiques : Certaines personnes choisissent de faire du snorkeling pour explorer la vie marine, tandis que d'autres peuvent profiter de la baignade ou simplement se d√©tendre sur le sable.

Commodit√©s : Bien qu'il y ait quelques infrastructures de base, il est conseill√© d'apporter des provisions, car les commodit√©s peuvent √™tre limit√©es.

La Plage de Petit Havre est un excellent choix pour ceux qui recherchent un endroit tranquille pour se relaxer et profiter de la beaut√© naturelle de la Guadeloupe.",https://storage.googleapis.com/glide-prod.appspot.com/uploads-v2/4ZSVYDu4E7qeM7sg06nu/pub/Jiz4FPCmkNcJZPEtLwpH.jpg,,,,,,,,,,,,,
La douche ,Plage de saint Fran√ßois ,"Envie d‚Äôune douche sal√©e ? Rendez-vous dans ce lieu o√π de petits bassins vous accueillent. Installez-vous sur la plus petite situ√©e le plus √† l‚ÄôEst et, attendez que le reflux des vagues viennent vous √©clabousser. Sensations et amusements assur√©s pour vos enfants.",https://storage.googleapis.com/glide-prod.appspot.com/uploads-v2/4ZSVYDu4E7qeM7sg06nu/pub/HT5xaClr3c1tNWfpQQsj.jpg,,,,,,,,,,,,,
Plages des salines ,Plage de saint Fran√ßois ,Les Salines constituent un √©cosyst√®me unique entre mer et marais. Une large bande de sable permet aux vacanciers de profiter pleinement de cet endroit prot√©g√© par un r√©cif corallien. En fin de matin√©e les couleurs y sont √©tincelantes. Profitez du point de vue depuis la croix de la pointe des ch√¢teaux pour prendre quelques photos de ce lieu exceptionnel.,https://storage.googleapis.com/glide-prod.appspot.com/uploads-v2/4ZSVYDu4E7qeM7sg06nu/pub/THf4yHCsYpIx2FpTDukc.jpg,,,,,,,,,,,,,
Plage des raisins clair ,Plage de saint Fran√ßois ,"Splendide plage de Saint-Fran√ßois, elle permet de profiter toute l‚Äôann√©e d‚Äôun superbe lagon avec une eau translucide.

 Elle est reconnaissable de loin gr√¢ce √† ses arbres √† fruits qui ressemblent √† des raisins. D‚Äôo√π lui vient le nom de la Plage des Raisins clairs. Situ√©e √† deux pas du centre de Saint-Fran√ßois, elle permet √† ceux qui n‚Äôont pas lou√© de voiture de profiter d‚Äôune belle plage.

 Le lagon est d√©limit√© par une barri√®re de corail ce qui rend la baignade id√©ale pour les petits comme pour les grands ! De cette plage, vous aurez peut-√™tre la chance d‚Äôapercevoir les Saintes et Marie-Galante‚Ä¶",https://storage.googleapis.com/glide-prod.appspot.com/uploads-v2/4ZSVYDu4E7qeM7sg06nu/pub/URpkNtfrzN6sed1e31K6.jpg,,,,,,,,,,,,,
Plage anse Bertrand la chapelle ,Plages du nord grande terre,"
Magnifique langue de sable blond prot√©g√©e par la barri√®re de corail, elle est propice √† la baignade et √† quelques moments de repos √† l‚Äôombre des cocotiers et des raisiniers bord de mer.  Elle doit son nom √† l'ancienne chapelle qui y √©tait autrefois implant√©e. De l√†, d√©part du sentier de la Pointe Plate. Elle offre aussi un int√©r√™t arch√©ologique puisque des fouilles ont r√©v√©l√© la pr√©sence de tombes parmi les plus anciennes de Guadeloupe. La plage de la chapelle est l'un des sites de Guadeloupe pr√©f√©r√©s des passionn√©s de glisse. Des comp√©titions de surf y sont r√©guli√®rement organis√©es. Ce spot de reef fonctionne sous l‚Äôinfluence de houles de Nord ou d‚ÄôOuest (tr√®s rare). Il comprend deux vagues une droite/gauche sur la droite, accessible √† tous (nombreux cours de surf). Et une gauche √† fleur de corail, souvent tubulaire, r√©serv√©e aux surfeurs confirm√©s. L‚Äôentr√©e et la sortie se font tr√®s facilement par le r√©cif ou par une crique de sable situ√©e sur la droite. Attention, les courants sur la gauche/droite peuvent y √™tre tr√®s forts. Douches, parking, restaurants, snacks et tables de pique-nique, id√©al pour une journ√©e en famille.",https://storage.googleapis.com/glide-prod.appspot.com/uploads-v2/4ZSVYDu4E7qeM7sg06nu/pub/22NB3qtzRB7k3q0gHF0o.jpg,,,,,,,,,,,,,
Plage anse laborde,Plages du nord grande terre,"Large plage s'√©tendant sur 500 m face √† la mer des Antilles. Peu fr√©quent√©e, bord√©e de raisiniers bord de mer et de catalpas, id√©ale pour une journ√©e de d√©tente. Beau plan d'eau, mais la mer peut √™tre houleuse, avec de forts courants. Par temps clair, belle vue sur l'√Æle de Montserrat et Antigua. Sur place se trouve le ‚ÄúPoint Bleu Soleil‚Äú, point d‚Äôinformation et d‚Äôanimation √©cotouristique. Tout pr√®s de l√†, sur la pente du morne, se d√©roulent lors de la f√™te patronale des concours de b≈ìufs tirants.",https://storage.googleapis.com/glide-prod.appspot.com/uploads-v2/4ZSVYDu4E7qeM7sg06nu/pub/P04Bu1K2kplnVjQuGXUS.jpg,,,,,,,,,,,,,
Plage du souffleur ,Plages du nord grande terre,"La plage du Souffleur est une grande plage en Guadeloupe. Elle peut accueillir beaucoup de monde en m√™me temps, ce qui est un plus mais aussi un inconv√©nient.

Elle est appr√©ci√©e autant par les Guadeloup√©ens que les touristes pour ses beaux panoramas, son eau translucide et plut√¥t calme",https://storage.googleapis.com/glide-prod.appspot.com/uploads-v2/4ZSVYDu4E7qeM7sg06nu/pub/mF1STURWiPHxyC0KL7ap.jpg,,,,,,,,,,,,,
Destin ,Accueil,"Notre chat Destin sera heureux de pouvoir vous accueillir. 
C est un petit chat qui a 2 ans et qui adore les c√¢lins. 
Pas besoin de pr√©voir de le nourrir.
Sa gamelle est √©lectrique il a des heures de portion. üòâ
Destin dors dehors. 
G√©n√©ralement il se met sur les chaises de la terrasse. ",https://storage.googleapis.com/glide-prod.appspot.com/uploads-v2/4ZSVYDu4E7qeM7sg06nu/pub/2Raev9VebZl5ot73R1ov.jpg,,,,,,,,,,,,,
Surf ,Activit√©s nautiques ,"La Guadeloupe est une excellente destination pour affronter les grosses vagues. Entre la mer des Cara√Øbes √† l‚ÄôOuest et l‚ÄôOc√©an Atlantique √† l‚ÄôEst, cet archipel des Antilles abrite une trentaine de spots de surf populaires √† travers le monde. Certains sont r√©serv√©s aux surfeurs les plus exp√©riment√©s. Profitez de votre voyage en Guadeloupe pour essayer le surf.

Je vous conseille d'aller surfer √† la plage du Helleux situ√©e √† 20 minutes de la maison. 

C'est parfait pour les enfants et les d√©butants. 

Si vous souhaitez prendre des cours de surf je vous conseille Thibault voici son num√©ro il est situ√© au helleux.
 Thibault : 06 19 34 34 32",https://storage.googleapis.com/glide-prod.appspot.com/uploads-v2/4ZSVYDu4E7qeM7sg06nu/pub/qKJZPrS72GfoNrnZqTNw.jpg,,,,,,,,,,,,,
Cano√´ kayak dans la mangrove ,Activit√©s nautiques ,"
Vous vivrez des moments inoubliables et simples, des bonheurs suspendus au dessus du temps.

Pour certain.es d'entre vous, parmi les meilleures excursions de votre vie.

Vous decouvrirez des exp√©riences hors des sentiers battus avec un.e guide passionn√©.e, certifi√©.e et exp√©riment√©.e.

Une approche sensible et int√©grative reliant aventure nature, botanique, contemplation, bain de for√™t, contes et bien plus encore !

√Ä vous la d√©couverte des canyons, for√™ts et rivi√®res des mamelles & les mangroves et √Ælots coralliens du lagon du grand cul de sac marin en kayak.

√Ä vous aussi l‚Äôimmersion nature et la d√©gustation de sp√©cialit√©s locales. Avec tout le confort mat√©riel de notre base nautique ‚Äúoeuvre d'art‚Äù (voir les photos)...

Un environnement o√π vous appr√©cierez la beaut√© et la sagesse de la nature. Un lieu de rencontre avec vous-m√™me.

Un lieu de partage avec vos proches.

Je vous conseille yalod√©
Appel direct ou message texte/SMS uniquement. (Pas de message vocal ou r√©pondeur).

 + 33 690 56 58 10
 + 590 690 56 58 10 (WhatsApp) 

   yalodekayak@gmail.com
",https://storage.googleapis.com/glide-prod.appspot.com/uploads-v2/4ZSVYDu4E7qeM7sg06nu/pub/8j03MksltRGCtV7ebYc5.jpg,,,,,,,https://storage.googleapis.com/glide-prod.appspot.com/uploads-v2/4ZSVYDu4E7qeM7sg06nu/pub/zUI2qukO0tb0OEMK1zSY.jpg,https://storage.googleapis.com/glide-prod.appspot.com/uploads-v2/4ZSVYDu4E7qeM7sg06nu/pub/ojcHZA9nLiKk4xWUusv5.jpg,,,,,
Grand Cul-de-Sac ,Activit√©s nautiques ,"Mon top c'est sea trip avec Norman 

- CAP SUR LE GRAND CUL-DE-SAC L'√éLET CARETL'√éLET BLANCL'√âPAVEL'√éLET LA BICHE
D√©part : BAIE-MAHAULT
Journ√©e : 8h00 - 15h30
Demi-journ√©e : 8h - 12h / 12h - 16h
ACTIVIT√âS :
En famille
Snorkeling
Paddle
Tapis flottant
Photos
Visite comment√©e
boat party
IMPORTANT : Le parcours est donn√© √† titre indicatif. Vous √™tes libre de modifier l‚Äôitin√©raire dans la limite du raisonnable
Votre terrain de jeu au coeur du Parc National de la GUADELOUPE
Le Grand-Cul-de-Sac Marin est une baie de 15000 hectares qui r√©unit les √Æles de la Basse terre et de la Grande Terre. Il pr√©sente la particularit√© d‚Äôoffrir deux grands types de milieux : un ¬´ terrestre ¬ª et un ¬´ marin ¬ª.

Si√®ge des principaux √©cosyst√®mes du littoral et de la mer, nous retrouverons plusieurs endroits embl√©matiques tels que :

La Mangrove
Ilet Caret
Ilet La Biche et Petite Biche
L‚Äô√©pave
Ilet Blanc (entre le 15 Ao√ªt et le 15 Avril)
Ilet Christophe
Ilet Macou

Son num√©ro et son site 
seatripguadeloupe@gmail.com

TELEPHONE
+590 6 90 92 91 80
ADRESSE

Port de plaisance de Baie-Mahault, 97122, Guadeloupe",https://storage.googleapis.com/glide-prod.appspot.com/uploads-v2/4ZSVYDu4E7qeM7sg06nu/pub/heRHs636GO98bmgVrhgc.jpg,,,,,,,https://storage.googleapis.com/glide-prod.appspot.com/uploads-v2/4ZSVYDu4E7qeM7sg06nu/pub/wXYFzy14g9DIB5wnwVEE.jpg,,,,,,
C'est nous ,Accueil,"Nous voici je suis Caroline et mon petit gar√ßon timo√© √¢g√© de 8 ans . 

Nous sommes heureux de pouvoir vous accueillir chez nous ! 

En esp√©rant que votre s√©jour se d√©roulera √† merveille. ",https://storage.googleapis.com/glide-prod.appspot.com/uploads-v2/4ZSVYDu4E7qeM7sg06nu/pub/oarO45qC8pesQLomWIvx.jpg,,,,,,,,,,,,,
Nico pour vos exscursions last minutes ,Activit√©s nautiques ,"Nico vous propose ce qui vous correspondra le mieux, au meilleur rapport qualit√© / prix : en fonction de vos envies, des diff√©rentes formules, de la saison.

https://lastminute971.com/fr_fr/
+590690979798",https://storage.googleapis.com/glide-prod.appspot.com/uploads-v2/4ZSVYDu4E7qeM7sg06nu/pub/6F1C7q8CrCAtaXtS3QLd.jpg,,,,,,+590690979798,,,,,,,https://lastminute971.com/fr_fr/
O√π aller faire ses courses...,"Courses, march√©s ","Je vous conseille d'aller faire vos courses √† Sainte-Anne au leader Price il se situe √† 15 minutes de la maison et c'est un bon rapport qualit√©-prix.

Il y a aussi quelques super aides dans Sainte-Anne dont frizz et le carrefour market 

Pour vos fruits et l√©gumes je vous conseille d'aller chez Jos√© il se situe au march√© de Sainte-Anne c√¥t√© plage. 
Il est super! 

Et pour vos punchs je vous propose d'aller chez Claire, elle est situ√©e elle aussi sur la place du march√© c√¥t√© mer.
Elle est ferm√©e le jeudi et le dimanche mais est ouverte tous les jours de 10h √† 17h30",https://storage.googleapis.com/glide-prod.appspot.com/uploads-v2/4ZSVYDu4E7qeM7sg06nu/pub/OFnJE0I4ArAc4azA4WwX.jpg,,,,,,,,,,,,,
March√©s ,"Courses, march√©s ","Pour les march√©s vous avez le march√© de Sainte-Anne qui est ouvert tous les jours √† part le jeudi de 8h √† 17h. 

Vous avez le march√© nocturne de Sainte-Anne jeudi soir de 16h √† 19h pr√®s du stade municipal. 

Et le march√© de Saint-Fran√ßois le mardi soir de 16h √† 19h",https://storage.googleapis.com/glide-prod.appspot.com/uploads-v2/4ZSVYDu4E7qeM7sg06nu/pub/y5geENuEUzvgq0CfMhSR.jpg,,,,,,,,,,,,,
Restauration rapide,Ou se restaurer ?,"Si vous souhaitez vous restaurer de fa√ßon rapide je vous propose d'aller sur le boulevard de Sainte-Anne le soir vous avez des camions √† bokits ou  agoulous, cr√™pes ce sont des d√©couvertes locales.  
Je vous propose d'aller chez lelene sur le boulevard de Sainte-Anne. ",https://storage.googleapis.com/glide-prod.appspot.com/uploads-v2/4ZSVYDu4E7qeM7sg06nu/pub/JS1allkrzXgZh6mEJJBD.jpg,,,,,,,,,,,,,